ID,Answer
TEST_000,5
TEST_001,2
TEST_002,1
TEST_003,3
TEST_004,"트로이 목마 기반의 원격제어 악성코드(RAT)는 사용자에게 유용한 프로그램처럼 보이지만 실제로는 악성 코드를 설치하여 시스템을 제어하는 악성 소프트웨어입니다. 주요 특징은 다음과 같습니다:

1. **위장**: 사용자에게 유용한 프로그램처럼 보이도록 설계되어 있어, 사용자가 의심 없이 설치하게 만듭니다.
2. **원격 제어**: 설치된 후에는 공격자가 원격으로 시스템을 제어할 수 있는 기능을 제공합니다.
3. **다양한 기능**: 파일 업로드/다운로드, 키로깅, 화면 캡처, 시스템 정보 수집 등 다양한 악성 행위를 수행할 수 있습니다.

주요 탐지 지표는 다음과 같습니다:

1. **파일 특성**: 악성코드의 파일 특성을 분석하여 정상적인 프로그램과 다른 패턴을 탐지합니다. 예를 들어, 악성코드는 일반적으로 압축되어 있거나, 특정 시그니처를 가질 수 있습니다.
2. **행동 패턴**: 악성코드의 행동 패턴을 모니터링하여 의심스러운 활동을 탐지합니다. 예를 들어, 정상적인 프로세스 외에서 실행되는 경우, 네트워크 통신 패턴의 이상 등이 있습니다"
TEST_005,4
TEST_006,2
TEST_007,전자금융거래법에 따라 이용자가 금융 분쟁조정을 신청할 수 있는 기관은 금융감독원입니다.
TEST_008,5
TEST_009,3
TEST_010,1
TEST_011,4
TEST_012,1
TEST_013,4
TEST_014,5
TEST_015,4
TEST_016,4
TEST_017,4
TEST_018,1
TEST_019,1
TEST_020,4
TEST_021,1
TEST_022,3
TEST_023,5
TEST_024,2
TEST_025,3
TEST_026,3
TEST_027,3
TEST_028,1
TEST_029,2
TEST_030,3
TEST_031,2
TEST_032,1
TEST_033,1
TEST_034,1
TEST_035,2
TEST_036,5
TEST_037,4
TEST_038,5
TEST_039,4
TEST_040,1
TEST_041,5
TEST_042,3
TEST_043,4
TEST_044,4
TEST_045,1
TEST_046,3
TEST_047,1
TEST_048,1
TEST_049,4
TEST_050,1
TEST_051,3
TEST_052,3
TEST_053,2
TEST_054,4
TEST_055,4
TEST_056,1
TEST_057,5
TEST_058,3
TEST_059,2
TEST_060,4
TEST_061,4
TEST_062,4
TEST_063,5
TEST_064,1
TEST_065,3
TEST_066,1
TEST_067,1
TEST_068,4
TEST_069,3
TEST_070,4
TEST_071,3
TEST_072,3
TEST_073,1
TEST_074,4
TEST_075,2
TEST_076,3
TEST_077,4
TEST_078,1
TEST_079,4
TEST_080,5
TEST_081,1
TEST_082,"금융권은 딥페이크 기술 악용에 대비하여 다각적인 대응 방안을 마련하고 있습니다. 먼저, 고객 인식 제고를 위해 딥페이크 기술의 위험성과 사기 유형에 대한 교육 캠페인을 진행하고 있습니다. 또한, 금융기관 내부에서는 AI 기반의 딥페이크 탐지 시스템을 도입하여 의심스러운 거래나 콘텐츠를 실시간으로 감지하고 있습니다. 금융감독원과의 협력 하에 정책적 대응을 강화하고 있으며, 이는 금융사기 대응 매뉴얼 업데이트와 함께 이루어집니다. 이러한 조치들은 딥페이크 기술의 악용을 최소화하고 고객 보호를 강화하기 위한 종합적인 접근 방식을 반영하고 있습니다."
TEST_083,3
TEST_084,2
TEST_085,1
TEST_086,3
TEST_087,1
TEST_088,2
TEST_089,1
TEST_090,3
TEST_091,3
TEST_092,3
TEST_093,3
TEST_094,5
TEST_095,2
TEST_096,2
TEST_097,3
TEST_098,3
TEST_099,5
TEST_100,3
TEST_101,"디지털 지갑에서 주요 보안 위협으로는 개인정보 유출, 악성코드 감염, 딥페이크 악용, 공급망 공격 등이 있습니다. 개인정보 유출은 사용자의 민감한 정보가 노출되어 금융사기로 이어질 수 있으며, 악성코드 감염은 악성 앱을 통해 기기가 해킹되어 금융 정보가 탈취될 위험이 있습니다. 딥페이크 기술을 이용한 사기는 가짜 신원을 통해 금융 사기를 시도하며, 공급망 공격은 제3자 서비스나 소프트웨어를 통해 시스템에 침입하여 금융 정보를 탈취하는 위협입니다. 이러한 위협들은 디지털 지갑의 안전성을 크게 위협하며, 사용자의 금융 정보 보호를 위해 강력한 보안 대책이 필요합니다."
TEST_102,"개인정보 접근 권한 검토는 개인정보 처리자가 개인정보에 접근할 수 있는 권한을 검토하고, 필요한 접근 권한만 부여하며, 접근 권한 부여 기준을 명확히 정의하는 과정입니다. 이는 개인정보 보호를 위해 불필요한 접근을 차단하고, 개인정보 유출 위험을 최소화하는 것을 목적으로 합니다. 검토 결과는 문서화하여 보관해야 합니다."
TEST_103,1
TEST_104,1
TEST_105,4
TEST_106,2
TEST_107,2
TEST_108,2
TEST_109,4
TEST_110,1
TEST_111,1
TEST_112,4
TEST_113,3
TEST_114,1
TEST_115,1
TEST_116,1
TEST_117,4
TEST_118,5
TEST_119,2
TEST_120,2
TEST_121,3
TEST_122,3
TEST_123,5
TEST_124,3
TEST_125,2
TEST_126,"정보보호의 3대 요소에 해당하는 보안 목표는 다음과 같습니다:

1. **기밀성 (Confidentiality)**: 정보가 권한이 있는 사람들만 접근할 수 있도록 보호하는 것을 의미합니다. 즉, 비인가된 사용자들이 정보에 접근하거나 정보가 유출되는 것을 방지합니다.

2. **무결성 (Integrity)**: 정보가 정확하고 완전하며, 권한이 있는 사용자에 의해 적절히 변경될 수 있음을 보장하는 것을 의미합니다. 정보의 변조나 오류 없이 신뢰할 수 있는 상태를 유지하는 것을 포함합니다.

3. **가용성 (Availability)**: 정보와 시스템이 필요할 때 안전하게 접근 가능하도록 보장하는 것을 의미합니다. 시스템 장애나 공격으로부터 보호하여 정상적인 운영이 가능하도록 합니다."
TEST_127,5
TEST_128,2
TEST_129,1
TEST_130,3
TEST_131,"전자금융감독규정상 금융회사의 정보보호 예산은 전체 IT 예산의 최소 7% 이상이어야 합니다. 정보보호 인력의 경우, IT 인력의 최소 5% 이상이 요구됩니다. 이러한 기준은 전자금융거래의 안전성을 확보하기 위한 최소한의 기준으로 설정되어 있습니다."
TEST_132,1
TEST_133,2
TEST_134,1
TEST_135,2
TEST_136,3
TEST_137,4
TEST_138,1
TEST_139,1
TEST_140,1
TEST_141,5
TEST_142,3
TEST_143,2
TEST_144,5
TEST_145,5
TEST_146,3
TEST_147,4
TEST_148,4
TEST_149,3
TEST_150,3
TEST_151,4
TEST_152,4
TEST_153,2
TEST_154,2
TEST_155,2
TEST_156,3
TEST_157,2
TEST_158,3
TEST_159,2
TEST_160,3
TEST_161,1
TEST_162,1
TEST_163,1
TEST_164,2
TEST_165,2
TEST_166,2
TEST_167,4
TEST_168,3
TEST_169,2
TEST_170,2
TEST_171,4
TEST_172,4
TEST_173,3
TEST_174,3
TEST_175,3
TEST_176,2
TEST_177,2
TEST_178,3
TEST_179,2
TEST_180,1
TEST_181,3
TEST_182,"SMTP 프로토콜은 이메일 전송 과정에서 메시지의 인증, 암호화, 무결성을 보장하는 데 중점을 둡니다. 이를 통해 이메일 내용이 송수신 과정에서 변조되지 않았음을 확인하고, 외부 공격자로부터 보호하는 역할을 수행합니다. 특히, TLS(Transport Layer Security)와 같은 보안 프로토콜을 통해 이메일 데이터를 암호화하여 전송함으로써 보안성을 강화합니다. 이는 이메일 서비스의 안전성을 크게 향상시키는 핵심적인 기능입니다."
TEST_183,3
TEST_184,4
TEST_185,1
TEST_186,4
TEST_187,4
TEST_188,3
TEST_189,2
TEST_190,1
TEST_191,4
TEST_192,4
TEST_193,4
TEST_194,5
TEST_195,4
TEST_196,2
TEST_197,4
TEST_198,2
TEST_199,"ID/PW 기반 인증 환경에서 발생할 수 있는 대표적인 공격 유형과 그에 대한 대응 방안은 다음과 같습니다.

1. **스니핑 공격**:
   - **공격 유형**: 공격자가 네트워크 트래픽을 가로채서 사용자의 ID와 비밀번호를 탈취하는 공격입니다. 특히 공용 Wi-Fi 환경에서 쉽게 발생할 수 있습니다.
   - **대응 방안**: HTTPS 프로토콜을 사용하여 데이터를 암호화하고, SSL/TLS 인증서를 통해 통신의 무결성을 보장합니다. 또한, 네트워크 트래픽 모니터링 시스템을 도입하여 이상 트래픽을 탐지하고 차단할 수 있습니다.

2. **키로거 공격**:
   - **공격 유형**: 키보드 입력을 가로채어 사용자의 비밀번호를 탈취하는 공격입니다. 물리적으로 키보드에 설치된 키로거 장치를 사용하거나 소프트웨어 키로거를 통해 이루어집니다.
   - **대응 방안**: 가상 키보드나 보안 키보드를 사용하여 물리적 키로거의 위협을 차단하고, 소프트웨어 키로거 방지 소프트웨어를 설치하여 소프트웨어 공격을 방어합니다. 또한, 비밀번호 정책을 강화하여 복잡하고 긴 비밀번호 사용을 권장하고,"
TEST_200,3
TEST_201,3
TEST_202,1
TEST_203,4
TEST_204,5
TEST_205,"전자자금이체의 지급 효력 발생 시점은 전자금융거래법에 따라 다르게 정의됩니다. 선불전자지급수단 및 전자화폐로 지급하는 경우에는 수취인이 지정한 전자적 장치에 거래 지시 금액의 정보가 도달한 순간부터 효력이 발생합니다. 반면, 그 외의 전자지급수단을 통한 지급의 경우에는 수취인의 계좌가 개설된 금융회사나 전자금융업자의 전자적 장치에 거래 지시 금액의 정보가 입력 완료된 시점부터 효력이 발생합니다. 또한, 총자산 규모를 고려한 대통령령에 따라 지정된 금융회사나 전자금융업자는 이용자의 요청에 따라 거래 지시 후 일정 시간이 경과한 후에 지급 효력이 발생하도록 할 수 있습니다. 이는 이용자의 자금 운용 편의성과 안전성을 동시에 고려한 조치입니다."
TEST_206,5
TEST_207,2
TEST_208,3
TEST_209,2
TEST_210,3
TEST_211,4
TEST_212,1
TEST_213,1
TEST_214,5
TEST_215,2
TEST_216,3
TEST_217,3
TEST_218,2
TEST_219,3
TEST_220,4
TEST_221,3
TEST_222,2
TEST_223,2
TEST_224,2
TEST_225,2
TEST_226,1
TEST_227,3
TEST_228,5
TEST_229,4
TEST_230,1
TEST_231,2
TEST_232,3
TEST_233,5
TEST_234,2
TEST_235,4
TEST_236,4
TEST_237,4
TEST_238,3
TEST_239,4
TEST_240,3
TEST_241,5
TEST_242,3
TEST_243,2
TEST_244,5
TEST_245,"DNSSEC의 주요 기능은 도메인 이름 시스템(DNS)의 응답 데이터 무결성과 인증을 보장하는 것입니다. 이를 통해 DNS 스푸핑 공격과 같은 보안 위협을 방지할 수 있습니다. DNS 스푸핑 공격은 공격자가 DNS 응답을 조작하여 사용자를 피싱 사이트로 유도하는 공격으로, DNSSEC을 통해 이러한 공격을 방어하고 사용자의 개인정보와 금융 정보를 보호할 수 있습니다."
TEST_246,2
TEST_247,2
TEST_248,3
TEST_249,5
TEST_250,5
TEST_251,3
TEST_252,4
TEST_253,2
TEST_254,3
TEST_255,1
TEST_256,4
TEST_257,4
TEST_258,4
TEST_259,2
TEST_260,3
TEST_261,1
TEST_262,3
TEST_263,2
TEST_264,1
TEST_265,4
TEST_266,2
TEST_267,5
TEST_268,1
TEST_269,1
TEST_270,2
TEST_271,2
TEST_272,4
TEST_273,4
TEST_274,1
TEST_275,4
TEST_276,4
TEST_277,3
TEST_278,4
TEST_279,2
TEST_280,5
TEST_281,2
TEST_282,1
TEST_283,1
TEST_284,3
TEST_285,5
TEST_286,4
TEST_287,2
TEST_288,3
TEST_289,3
TEST_290,3
TEST_291,1
TEST_292,2
TEST_293,3
TEST_294,2
TEST_295,3
TEST_296,2
TEST_297,2
TEST_298,3
TEST_299,4
TEST_300,3
TEST_301,1
TEST_302,1
TEST_303,1
TEST_304,1
TEST_305,5
TEST_306,1
TEST_307,1
TEST_308,2
TEST_309,3
TEST_310,1
TEST_311,1
TEST_312,4
TEST_313,4
TEST_314,3
TEST_315,5
TEST_316,3
TEST_317,2
TEST_318,1
TEST_319,1
TEST_320,1
TEST_321,4
TEST_322,2
TEST_323,1
TEST_324,4
TEST_325,3
TEST_326,1
TEST_327,3
TEST_328,4
TEST_329,2
TEST_330,1
TEST_331,4
TEST_332,2
TEST_333,1
TEST_334,4
TEST_335,4
TEST_336,4
TEST_337,5
TEST_338,4
TEST_339,2
TEST_340,4
TEST_341,3
TEST_342,4
TEST_343,2
TEST_344,2
TEST_345,3
TEST_346,4
TEST_347,4
TEST_348,4
TEST_349,2
TEST_350,1
TEST_351,2
TEST_352,4
TEST_353,1
TEST_354,4
TEST_355,5
TEST_356,1
TEST_357,3
TEST_358,1
TEST_359,1
TEST_360,1
TEST_361,2
TEST_362,1
TEST_363,3
TEST_364,1
TEST_365,2
TEST_366,1
TEST_367,3
TEST_368,2
TEST_369,3
TEST_370,5
TEST_371,1
TEST_372,2
TEST_373,2
TEST_374,4
TEST_375,1
TEST_376,2
TEST_377,4
TEST_378,1
TEST_379,3
TEST_380,1
TEST_381,4
TEST_382,3
TEST_383,2
TEST_384,3
TEST_385,4
TEST_386,5
TEST_387,2
TEST_388,1
TEST_389,4
TEST_390,4
TEST_391,3
TEST_392,4
TEST_393,1
TEST_394,3
TEST_395,3
TEST_396,2
TEST_397,3
TEST_398,3
TEST_399,3
TEST_400,1
TEST_401,1
TEST_402,4
TEST_403,1
TEST_404,4
TEST_405,1
TEST_406,3
TEST_407,1
TEST_408,3
TEST_409,4
TEST_410,1
TEST_411,4
TEST_412,3
TEST_413,4
TEST_414,1
TEST_415,2
TEST_416,"VLAN은 물리적으로 분리되어 있는 네트워크를 논리적으로 분할하여 관리 효율성을 높이고, 보안을 강화하며, 트래픽을 분리하여 성능을 개선하는 기능을 제공합니다. 이를 통해 네트워크 관리가 용이해지고, 특정 VLAN 내에서만 통신이 가능하여 보안성이 향상됩니다. 또한, VLAN을 통해 트래픽을 분리함으로써 네트워크의 혼잡을 줄이고 성능을 개선할 수 있습니다."
TEST_417,4
TEST_418,1
TEST_419,1
TEST_420,5
TEST_421,4
TEST_422,5
TEST_423,3
TEST_424,2
TEST_425,4
TEST_426,1
TEST_427,2
TEST_428,1
TEST_429,5
TEST_430,3
TEST_431,4
TEST_432,4
TEST_433,3
TEST_434,2
TEST_435,1
TEST_436,4
TEST_437,3
TEST_438,4
TEST_439,3
TEST_440,5
TEST_441,2
TEST_442,5
TEST_443,3
TEST_444,2
TEST_445,4
TEST_446,2
TEST_447,3
TEST_448,2
TEST_449,1
TEST_450,4
TEST_451,4
TEST_452,3
TEST_453,2
TEST_454,2
TEST_455,4
TEST_456,3
TEST_457,4
TEST_458,"금융기관은 개인신용평점 하락 가능성에 대해 설명해야 할 주요 내용은 다음과 같습니다:
1. 해당 금융거래로 인해 개인신용평가회사가 개인신용평점을 산출할 때 신용정보주체에게 불이익이 발생할 수 있다는 사실.
2. 개인신용평점 하락 시 불이익이 발생할 수 있는 금융거래의 종류.
3. 평균적으로 연체율이 높은 금융권역의 신용공여는 다른 금융권역의 신용공여보다 신용점수 하락 폭이 클 수 있다는 사실.
4. 평균적으로 연체율이 높은 형태의 신용공여는 일반적인 신용공여보다 신용점수 하락 폭이 클 수 있다는 사실.
5. 해당 금융거래가 변제나 이에 준하는 방식으로 종료되더라도 일정 기간 동안 개인신용평점 산정에 영향을 미칠 수 있다는 사실."
TEST_459,3
TEST_460,2
TEST_461,4
TEST_462,2
TEST_463,2
TEST_464,1
TEST_465,4
TEST_466,4
TEST_467,4
TEST_468,3
TEST_469,4
TEST_470,5
TEST_471,"특수 계정에 대한 보안조치 방안은 다음과 같습니다: 
1. **계정 분류 및 관리**: 특수 계정을 중요도에 따라 분류하고, 각 계정별로 접근 권한을 차등 부여하여 관리합니다.
2. **최소 권한 원칙**: 특수 계정은 업무 수행에 필요한 최소한의 권한만 부여하고, 불필요한 권한은 제거합니다.
3. **정기적인 권한 검토**: 정기적으로 계정의 권한을 검토하여 필요 없는 권한은 즉시 제거합니다.
4. **계정 접근 로깅 및 모니터링**: 특수 계정의 접근 로그를 상세히 기록하고, 이상 징후를 감지하여 즉시 대응합니다.
5. **다중 인증(MFA) 적용**: 특수 계정에 대해 다중 인증을 적용하여 추가적인 보안을 강화합니다.
6. **계정 비밀번호 관리**: 특수 계정의 비밀번호는 복잡도 요구사항을 충족하도록 설정하고, 정기적으로 변경합니다.
7. **계정 사용 제한**: 특수 계정의 사용을 제한하고, 필요한 경우에만 사용할 수 있도록 합니다.
8. **정기적인 보안 교육**: 특수 계정을 관리하는 직원들에게 정기적인"
TEST_472,1
TEST_473,4
TEST_474,1
TEST_475,1
TEST_476,4
TEST_477,4
TEST_478,4
TEST_479,4
TEST_480,4
TEST_481,5
TEST_482,1
TEST_483,4
TEST_484,4
TEST_485,3
TEST_486,1
TEST_487,3
TEST_488,5
TEST_489,3
TEST_490,2
TEST_491,1
TEST_492,5
TEST_493,4
TEST_494,4
TEST_495,5
TEST_496,2
TEST_497,2
TEST_498,4
TEST_499,3
TEST_500,2
TEST_501,4
TEST_502,4
TEST_503,1
TEST_504,5
TEST_505,4
TEST_506,4
TEST_507,"전자금융데이터 보안에서 암호화 방식을 선택할 때 고려해야 할 주요 기준은 다음과 같습니다:

1. **안전성 및 보안 강도**: 선택한 암호화 알고리즘이 현재의 보안 위협에 대응할 수 있는 충분한 안전성과 보안 강도를 갖추고 있는지 확인해야 합니다. 이는 알고리즘이 국내외 권고 표준에 부합하는지 검토하는 것을 포함합니다.

2. **키 관리**: 암호화 키의 안전한 생성, 주입, 운용, 갱신, 폐기 등 키 관리 전반에 걸친 절차와 방법이 체계적으로 마련되어 있는지 확인해야 합니다. 키 관리의 부실은 암호화의 효과를 크게 저하시킬 수 있습니다.

3. **법규 준수**: 암호화 방식 선택 시 관련 법규와 규정을 준수해야 합니다. 예를 들어, 개인정보보호법, 정보통신망 이용촉진 및 정보보호 등에 관한 법률, 전자금융거래법 등에서 요구하는 암호화 기준을 충족해야 합니다.

4. **알고리즘의 적합성**: 데이터의 특성과 사용 목적에 따라 적합한 암호화 알고리즘을 선택해야 합니다. 대칭키 암호화와 공개키 암호화 중 어떤 방식이"
TEST_508,3
TEST_509,3
TEST_510,3
TEST_511,4
TEST_512,3
TEST_513,4
TEST_514,1
